Workbook

Sheet Anleitung
A1: AetherRide — MVP-Backlog
A2: Abgeleitet aus der Produkt-, Architektur- und Design-Spezifikation v1.0 vom 06.08.2026
A4: Aufbau der Mappe
A5: Backlog | B5: Alle Stories mit Akzeptanzkriterien, Priorität, Phase, Abhängigkeit und Schätzung.
A6: Epics | B6: Auswertung je Epic. Alle Zahlen sind Formeln auf das Blatt Backlog — nicht überschreiben.
A7: Gates | B7: Sechs externe Entscheidungspunkte. Stories mit Gate-Eintrag starten erst nach positivem Gate.
A8: Risiken | B8: Risikoregister aus Kapitel 10 der Spezifikation.
A10: Was Sie bearbeiten
A11: Spalte K (SP) | B11: Story Points. Vorbelegt als Erstschätzung des Autors — im Planning ersetzen.
A12: Spalte M (Status) | B12: Auswahlliste: Offen, In Arbeit, Review, Fertig, Zurückgestellt.
A13: Epics!B3 (Velocity) | B13: Gelb hinterlegt. Story Points je Sprint. Vorgabe 90 ist aus dem Plan zurückgerechnet, nicht gemessen — sobald der echte Teamwert vorliegt, ersetzen. Weicht er ab, verschiebt sich der Launchtermin entsprechend.
A15: Alles Übrige ist abgeleitet
A16: Spalte H (Spec-Referenz) | B16: Verweis in die Spezifikation. Bei Änderung einer Story dort gegenprüfen.
A17: Spalte I (Abhängig von) | B17: Epic-Kürzel. Eine Story sollte nicht vor ihrer Abhängigkeit eingeplant werden.
A18: Spalte J (Gate) | B18: Leer bedeutet: jederzeit startbar.
A20: Beispielzeile (so ist eine Story gemeint)
A21: ST-030 | B21: Epic E04 · „Regel-Engine mit vier Urteilen“ · P0 · MVP v1.0 · Spec F-GAR-003 · 13 SP · Rolle Backend · Status Offen
A23: Wichtig
A24: Gate G-2 | B24: Sechs Stories der Fahrwerksanalyse sind an die Feldvalidierung gebunden. Scheitert sie, entfallen diese Stories ersatzlos — sie werden nicht abgeschwächt ausgeliefert.
A25: Katalogdaten | B25: Die Stories des Epics E16 sind der kritische Pfad, nicht die Softwareentwicklung. Sie müssen ab Monat 1 laufen.
A26: Schätzungen | B26: SP sind eine Erstschätzung ohne Teamkalibrierung. Die Sprint-Hochrechnung auf dem Blatt Epics ist deshalb eine Größenordnung, keine Terminzusage.

Sheet Backlog
A1: ID | B1: Epic | C1: Titel | D1: User Story | E1: Akzeptanzkriterien | F1: Prio | G1: Phase | H1: Spec-Ref | I1: Abhängig von | J1: Gate | K1: SP | L1: Rolle | M1: Status
A2: ST-001 | B2: E01 | C2: Mobile-Stack final bestätigen | D2: Als Engineering-Leitung will ich die Entscheidung Flutter + native Module gegen die reale Teamaufstellung prüfen, damit die Architektur zum Team passt. | E2: Entscheidungsmatrix mit tatsächlichen Teamprofilen neu bewertet; Ergebnis dokumentiert und freigegeben; bei Umkehr ist Kap. 5.1 aktualisiert. | F2: P0 | G2: MVP v1.0 | H2: 5.1 | J2: G-0 | K2: 3 | L2: Eng-Lead | M2: Offen
A3: ST-002 | B3: E01 | C3: Projektgerüst Flutter + CI | D3: Als Entwickler will ich ein lauffähiges Projektgerüst mit CI, damit ab Sprint 1 auf grüner Pipeline gearbeitet wird. | E3: Build für iOS und Android in CI; Lint, Format, Unit-Tests als Gate; Signierung eingerichtet; Build < 12 min. | F3: P0 | G3: MVP v1.0 | H3: 5.2 | K3: 5 | L3: Mobile | M3: Offen
A4: ST-003 | B4: E01 | C4: Schichtung und Repository-Muster | D4: Als Entwickler will ich die Schichten Präsentation/Zustand/Domäne/Repository festlegen, damit kein Lesepfad am Netz hängt. | E4: Referenzimplementierung für eine Entität vorhanden; Architekturtest schlägt fehl, wenn die UI direkt auf Netzwerkcode zugreift. | F4: P0 | G4: MVP v1.0 | H4: 5.2 | K4: 5 | L4: Mobile | M4: Offen
A5: ST-004 | B5: E01 | C5: dsp_core in Rust aufsetzen | D5: Als ML-Ingenieur will ich die Signalverarbeitung als plattformunabhängige Rust-Bibliothek, damit sie einmal geschrieben und auf dem Desktop getestet werden kann. | E5: Bibliothek baut für iOS, Android und Desktop; FFI-Anbindung an Dart; Referenzdatensatz läuft auf allen drei Zielen mit identischem Ergebnis. | F5: P0 | G5: MVP v1.0 | H5: 5.1 | K5: 8 | L5: ML | M5: Offen
A6: ST-005 | B6: E01 | C6: Blockweise Sensorübergabe über FFI | D6: Als Entwickler will ich Sensordaten in 1-Sekunden-Blöcken über gemeinsamen Speicher übergeben, damit die Method-Channel-Last entfällt. | E6: 200 Hz über 2 h ohne Frame-Drop; keine Einzelsample-Übergabe im Code; Messung dokumentiert. | F6: P0 | G6: MVP v1.0 | H6: 5.1 / F-SEN-001 | K6: 8 | L6: Mobile | M6: Offen
A7: ST-006 | B7: E01 | C7: Backend-Grundgerüst und Deployment | D7: Als Backend-Entwickler will ich die vier MVP-Deploymenteinheiten mit Postgres, Redis und Objektspeicher aufsetzen. | E7: Infrastruktur als Code; EU-Region; Health-Checks; automatisches Deployment aus dem Hauptzweig. | F7: P0 | G7: MVP v1.0 | H7: 5.3 | K7: 8 | L7: Backend | M7: Offen
A8: ST-007 | B8: E01 | C8: Schema-Trennung je Bounded Context | D8: Als Architekt will ich getrennte Datenbankschemata ohne kontextübergreifende Fremdschlüssel, damit ein späteres Herauslösen ein Deployment-Schritt bleibt. | E8: Migrationsprüfung schlägt bei kontextübergreifendem Fremdschlüssel fehl. | F8: P0 | G8: MVP v1.0 | H8: 5.3 | K8: 3 | L8: Backend | M8: Offen
A9: ST-008 | B9: E01 | C9: Observability | D9: Als Betreiber will ich Traces, Metriken und Absturzberichte, damit die NFR messbar sind. | E9: OpenTelemetry im Backend; Sentry in der App; Dashboards für NFR-01 bis NFR-11. | F9: P0 | G9: MVP v1.0 | H9: 5.7 | K9: 5 | L9: DevOps | M9: Offen
A10: ST-009 | B10: E01 | C10: OpenAPI-Vertrag und Client-Generierung | D10: Als Entwickler will ich einen versionierten API-Vertrag, aus dem der Client generiert wird. | E10: OpenAPI 3.1 im Repository; Client generiert; Vertragsbruch bricht die CI. | F10: P0 | G10: MVP v1.0 | H10: 5.3 | K10: 5 | L10: Backend | M10: Offen
A11: ST-010 | B11: E02 | C11: Nutzung ohne Konto | D11: Als neuer Nutzer will ich Garage und Tracking ohne Registrierung nutzen, damit ich die App sofort ausprobieren kann. | E11: Voller lokaler Funktionsumfang ohne Konto; Registrierung wird erst nach dem ersten Ride angeboten, mit Begründung. | F11: P0 | G11: MVP v1.0 | H11: F-ACC-002 | K11: 5 | L11: Mobile | M11: Offen
A12: ST-011 | B12: E02 | C12: Registrierung und Anmeldung | D12: Als Nutzer will ich mich per E-Mail, Apple oder Google anmelden, damit meine Daten geräteübergreifend erhalten bleiben. | E12: Drei Verfahren funktionsfähig; Token-Erneuerung; Abmelden löscht lokale Sitzung, nicht die lokalen Daten. | F12: P0 | G12: MVP v1.0 | H12: F-ACC-001 | I12: E01 | K12: 8 | L12: Backend | M12: Offen
A13: ST-012 | B13: E02 | C13: Sync-Engine mit Operations-Log | D13: Als Nutzer will ich offline arbeiten und später synchronisieren, ohne Daten zu verlieren. | E13: UUIDv7 clientseitig; geordnetes Operations-Log übersteht App-Neustart; Server idempotent gegenüber operation_id; Delta-Sync per Cursor. | F13: P0 | G13: MVP v1.0 | H13: 5.6 | I13: E01 | K13: 13 | L13: Backend | M13: Offen
A14: ST-013 | B14: E02 | C14: Konfliktregeln je Entität | D14: Als Entwickler will ich Konfliktstrategien pro Entität umsetzen, damit Konflikte fast nie beim Nutzer landen. | E14: Setup unveränderlich; Ride nach Finalisierung unveränderlich; Bike feldweise Last-Write-Wins; Konfliktrate messbar unter 0,1 %. | F14: P0 | G14: MVP v1.0 | H14: 5.6 / NFR-14 | I14: E02 | K14: 8 | L14: Backend | M14: Offen
A15: ST-014 | B15: E02 | C15: Granulare Einwilligungen | D15: Als Nutzer will ich jede Datennutzung einzeln erlauben und widerrufen können. | E15: Fünf getrennte Zwecke; Widerruf ohne Nachteil für die Kernfunktion; jede Einwilligung mit Zeitpunkt und Richtlinienversion protokolliert. | F15: P0 | G15: MVP v1.0 | H15: F-ACC-006 / DM-18 | K15: 8 | L15: Mobile | M15: Offen
A16: ST-015 | B16: E02 | C16: Privatsphärenzonen | D16: Als Nutzer will ich Tracks rund um meine Adresse kappen lassen. | E16: Radius einstellbar; Kappung wirkt auf Anzeige, Export und Heatmap-Beitrag; im Onboarding aktiv angeboten. | F16: P0 | G16: MVP v1.0 | H16: F-ACC-005 | K16: 5 | L16: Mobile | M16: Offen
A17: ST-016 | B17: E02 | C17: Datenexport | D17: Als Nutzer will ich alle meine Daten exportieren können. | E17: GPX je Ride und JSON-Vollexport inklusive Garage und Setups; Auslieferung innerhalb 24 h. | F17: P0 | G17: MVP v1.0 | H17: F-ACC-003 | K17: 5 | L17: Backend | M17: Offen
A18: ST-017 | B18: E02 | C18: Kontolöschung | D18: Als Nutzer will ich mein Konto in der App löschen können. | E18: Löschung in der App auslösbar; Bestätigung per E-Mail; vollständige Löschung inklusive Objektspeicher und Backups innerhalb 30 bzw. 90 Tagen nachweisbar. | F18: P0 | G18: MVP v1.0 | H18: F-ACC-004 | K18: 8 | L18: Backend | M18: Offen
A19: ST-018 | B19: E02 | C19: Verschlüsselung lokaler Daten | D19: Als Nutzer will ich, dass meine Daten auf dem Gerät verschlüsselt liegen. | E19: Lokale Datenbank über Keychain bzw. Keystore verschlüsselt; Schlüssel nicht im Backup im Klartext. | F19: P0 | G19: MVP v1.0 | H19: 7.7 | K19: 5 | L19: Mobile | M19: Offen
A20: ST-019 | B20: E03 | C20: Bike per Katalog anlegen | D20: Als Nutzer will ich mein Bike über Hersteller, Modell und Jahr anlegen, damit die Komponentenliste vorbefüllt wird. | E20: Erstes fahrbereites Bike im Median unter 90 s (n>=8, unmoderiert); Komponenten aus der Ausstattungsliste vorbefüllt. | F20: P0 | G20: MVP v1.0 | H20: F-GAR-001 | I20: E16 | J20: G-4 | K20: 8 | L20: Mobile | M20: Offen
A21: ST-020 | B21: E03 | C21: Bike ohne Katalogtreffer anlegen | D21: Als Nutzer mit seltenem Bike will ich Kategorie, Federweg und Laufradgröße angeben und später ergänzen. | E21: Bike ohne Komponenten nutzbar; Funktionen mit Komponentenbedarf zeigen konkreten Hinweis mit Direktlink statt Fehlermeldung. | F21: P0 | G21: MVP v1.0 | H21: F-GAR-001 | K21: 5 | L21: Mobile | M21: Offen
A22: ST-021 | B22: E03 | C22: Aktives Bike | D22: Als Nutzer mit mehreren Bikes will ich eines als aktiv markieren, damit die App weiß, worauf sich alles bezieht. | E22: Genau ein aktives Bike je Nutzer (Datenbank erzwingt es); Bike-Chip auf jedem Top-Level-Screen; Wechsel aktualisiert Discover und Shop sofort. | F22: P0 | G22: MVP v1.0 | H22: F-GAR-001 / 3.1 | I22: E03 | K22: 5 | L22: Mobile | M22: Offen
A23: ST-022 | B23: E03 | C23: Komponentenslots pflegen | D23: Als Nutzer will ich jeden Komponentenslot befüllen, damit Kompatibilität und Setup funktionieren. | E23: 60 Slots je Bike-Typ; Katalogbezug oder Freitext mit Warnhinweis; leerer Slot erscheint als Aufgabe, nicht als Fehler. | F23: P0 | G23: MVP v1.0 | H23: F-GAR-002 | I23: E16 | K23: 8 | L23: Mobile | M23: Offen
A24: ST-023 | B24: E03 | C24: Komponentenhistorie und Laufleistung | D24: Als Nutzer will ich sehen, wie lange ein Teil verbaut ist und wie viel es geleistet hat. | E24: installed_at/removed_at je Komponente; km, Höhenmeter und Stunden aus den Rides des Einbauzeitraums aggregiert; bei Bremsen zusätzlich Abfahrts-Höhenmeter. | F24: P0 | G24: MVP v1.0 | H24: F-GAR-002 / DM-05 | I24: E09 | K24: 8 | L24: Backend | M24: Offen
A25: ST-024 | B25: E03 | C25: Komponente zwischen Bikes verschieben | D25: Als Nutzer mit zwei Bikes will ich einen Laufradsatz umsetzen, ohne die Laufleistung zu verlieren. | E25: Verschiebung überträgt die Laufleistung; Historie beider Bikes bleibt korrekt. | F25: P0 | G25: MVP v1.0 | H25: F-GAR-002 | I25: E03 | K25: 5 | L25: Mobile | M25: Offen
A26: ST-025 | B26: E03 | C26: Fortschrittsanzeige der Bike-Erfassung | D26: Als Nutzer will ich sehen, wie vollständig mein Bike erfasst ist und was der nächste sinnvolle Schritt ist. | E26: Prozentanzeige; genau eine konkrete nächste Aufgabe; jeder ausgefüllte Slot schaltet sichtbaren Nutzen frei. | F26: P0 | G26: MVP v1.0 | H26: R-16 | I26: E03 | K26: 5 | L26: Design | M26: Offen
A27: ST-026 | B27: E03 | C27: Bike-Foto | D27: Als Nutzer will ich ein Foto hinterlegen, damit ich meine Bikes in der Liste erkenne. | E27: Foto aufnehmen oder auswählen; Zuschnitt; lokal gespeichert, Upload nur bei Konto. | F27: P1 | G27: MVP v1.0 | H27: F-GAR-004 | K27: 3 | L27: Mobile | M27: Offen
A28: ST-027 | B28: E03 | C28: Schematische Bike-Darstellung mit Hotspots | D28: Als Nutzer will ich mein Bike als Schema mit Statusfarben je Baugruppe sehen. | E28: 8 Silhouetten; Hotspots je Slot; drei Zustände gepflegt/fällig/Daten fehlen; Tap öffnet die Komponente. | F28: P1 | G28: v1.1–v1.3 | H28: F-GAR-004 | I28: E03 | K28: 8 | L28: Design | M28: Offen
A29: ST-028 | B29: E04 | C29: Regel-Engine mit vier Urteilen | D29: Als Nutzer will ich wissen, ob ein Teil passt, und im Zweifel ein ehrliches „Daten unzureichend“. | E29: Vier Urteile umgesetzt; fehlendes Pflichtattribut führt zwingend zu INSUFFICIENT_DATA; kein Prädikat wird bei fehlenden Werten ausgewertet. | F29: P0 | G29: MVP v1.0 | H29: F-GAR-003 | I29: E01 | K29: 13 | L29: Backend | M29: Offen
A30: ST-029 | B30: E04 | C30: Regel-Syntax und Auswerter | D30: Als Regelautor will ich Regeln deklarativ und ohne Programmierung schreiben. | E30: YAML-Schema; statische Prüfung; Auswerter ohne Turing-Vollständigkeit; Regelsatz versioniert. | F30: P0 | G30: MVP v1.0 | H30: 6.6 | I30: E04 | K30: 8 | L30: Backend | M30: Offen
A31: ST-030 | B31: E04 | C31: Begründungskette anzeigen | D31: Als Nutzer will ich sehen, warum ein Urteil zustande kam. | E31: Regel-ID, verglichene Werte, Quelle je Wert mit Datum; von jedem Urteil per Tap erreichbar. | F31: P0 | G31: MVP v1.0 | H31: F-GAR-003.2 | I31: E04 | K31: 8 | L31: Mobile | M31: Offen
A32: ST-031 | B32: E04 | C32: Regel-Regressionsset | D32: Als Qualitätsverantwortlicher will ich, dass keine Regel ohne Tests in Produktion geht. | E32: Mindestens drei Testfälle je Regel (pass/fail/insufficient); Build lehnt Regeln ohne Tests ab. | F32: P0 | G32: MVP v1.0 | H32: 6.6 | I32: E04 | K32: 5 | L32: QA | M32: Offen
A33: ST-032 | B33: E04 | C33: Zweitprüfung sicherheitskritischer Regeln | D33: Als Produktverantwortlicher will ich, dass sicherheitskritische Regeln vier Augen gesehen haben. | E33: reviewed_by und reviewed_at sind Pflichtfelder; Auslieferung ohne Zweitprüfung technisch blockiert. | F33: P0 | G33: MVP v1.0 | H33: DM-14 | I33: E04 | K33: 3 | L33: Backend | M33: Offen
A34: ST-033 | B34: E04 | C34: Prüfprotokoll speichern | D34: Als Betreiber will ich jede Prüfung mit Regelsatzversion protokollieren, damit vergangene Urteile rekonstruierbar bleiben. | E34: compatibility_check mit Belegen und Regelsatzversion; Aufbewahrung 24 Monate. | F34: P0 | G34: MVP v1.0 | H34: DM-15 | I34: E04 | K34: 3 | L34: Backend | M34: Offen
A35: ST-034 | B35: E04 | C35: Sicherheitshinweise und Drehmomente | D35: Als Nutzer will ich bei sicherheitsrelevanten Teilen den Werkstatthinweis und die Herstellerdrehmomente sehen. | E35: Hinweis bei 9 definierten Kategorien; Drehmomente ausschließlich aus Herstellerdokumenten, nie geschätzt. | F35: P0 | G35: MVP v1.0 | H35: F-GAR-003.3 | I35: E16 | K35: 5 | L35: Mobile | M35: Offen
A36: ST-035 | B36: E04 | C36: Fehlendes Attribut ergänzen | D36: Als Nutzer will ich ein fehlendes Merkmal selbst nachtragen und sofort ein neues Urteil bekommen. | E36: Aufforderung nennt das konkrete Attribut; Neuprüfung unmittelbar; Nutzereingabe als Quelle gekennzeichnet. | F36: P0 | G36: MVP v1.0 | H36: F-GAR-003.1 | I36: E04 | K36: 5 | L36: Mobile | M36: Offen
A37: ST-036 | B37: E05 | C37: Setup als unveränderliche Version | D37: Als Nutzer will ich, dass jede Setup-Änderung eine neue Version erzeugt, damit meine Historie belastbar bleibt. | E37: Neue Version mit Verweis auf die Vorgängerversion; alte Versionen nie überschrieben; genau ein aktuelles Setup je Bike. | F37: P0 | G37: MVP v1.0 | H37: F-SET-001 / DM-06 | I37: E03 | K37: 8 | L37: Backend | M37: Offen
A38: ST-037 | B38: E05 | C38: Generischer Setup-Editor | D38: Als Nutzer will ich nur die Regler sehen, die meine Komponente tatsächlich hat. | E38: Regler werden aus dem Katalogeintrag abgeleitet; Klick-Stepper mit Haptik; Herstellergrenzen als harter Anschlag mit Erklärung. | F38: P0 | G38: MVP v1.0 | H38: F-SET-001 / DM-03 | I38: E16 | K38: 13 | L38: Mobile | M38: Offen
A39: ST-038 | B39: E05 | C39: Einheiten und Klick-Referenz | D39: Als Nutzer will ich psi oder bar sehen und wissen, ob von offen oder von geschlossen gezählt wird. | E39: Speicherung in SI-Einheiten; Anzeige nach Nutzerpräferenz; Klicks intern immer von geschlossen, Anzeige folgt der Herstellerkonvention und benennt sie. | F39: P0 | G39: MVP v1.0 | H39: 6.4 | I39: E05 | K39: 5 | L39: Mobile | M39: Offen
... A62: ST-061 | B62: E08 | C62: Flow-Score mit offenen Teilwerten | D62: Als Nutzer will ich verstehen, woraus mein Flow-Score entsteht. | E62: Vier Teilwerte einzeln sichtbar; Terrainnormierung; kein nutzerübergreifender Vergleich, keine öffentlichen Bestenlisten. | F62: P0 | G62: MVP v1.0 | H62: F-SEN-004 / R-09 | I62: E07 | K62: 8 | L62: ML | M62: Offen
A63: ST-062 | B63: E08 | C63: Federweg-Nutzungs-Index | D63: Als Nutzer will ich einschätzen können, wie stark ich mein Fahrwerk genutzt habe. | E63: Index 0–100 mit Konfidenz, normiert auf die Historie desselben Bikes; niemals Millimeter oder Prozent des Federwegs; nur bei bestätigter Lenker-/Vorbaumontage. | F63: P0 | G63: MVP v1.0 | H63: F-SEN-003 / 0.4.2 | I63: E07 | J63: G-2 | K63: 13 | L63: ML | M63: Offen
A64: ST-063 | B64: E08 | C64: Durchschlagsverdacht | D64: Als Nutzer will ich erfahren, wenn mein Fahrwerk vermutlich durchgeschlagen ist. | E64: Eigener Detektor auf steilflankige Verzögerungsspitze; Ausgabe stets als Verdacht mit Konfidenz. | F64: P0 | G64: MVP v1.0 | H64: F-SEN-003 | I64: E08 | J64: G-2 | K64: 8 | L64: ML | M64: Offen
A65: ST-064 | B65: E08 | C65: Metriken ausblenden statt leer zeigen | D65: Als Nutzer will ich klar sehen, wenn eine Analyse nicht möglich ist. | E65: Ohne Lenkermontage oder Kalibrierung erscheint eine Erklärung mit Handlungsoption, keine ausgegrauten Platzhalterwerte. | F65: P0 | G65: MVP v1.0 | H65: F-SEN-002 | I65: E08 | K65: 3 | L65: Design | M65: Offen
A66: ST-065 | B66: E08 | C66: Terrainklassifikation auf dem Gerät | D66: Als ML-Ingenieur will ich Abschnitte klassifizieren, damit Metriken vergleichbar normiert werden. | E66: On-Device-Modell; Laufzeit im Budget; Score ohne Terrainklasse wird nicht ausgegeben. | F66: P0 | G66: MVP v1.0 | H66: 7.1 | I66: E07 | K66: 13 | L66: ML | M66: Offen
A67: ST-066 | B67: E08 | C67: Validierungsstudie durchführen | D67: Als Produktverantwortlicher will ich die Fahrwerksfunktionen gegen echte Messtechnik prüfen. | E67: Mind. 12 Fahrer, 6 Bikes, 3 Halterungstypen, 40 Fahrstunden, 20 % nass; sieben Bestehenskriterien vorab festgelegt; Ergebnis dokumentiert. | F67: P0 | G67: MVP v1.0 | H67: 7.5 | I67: E08 | J67: G-2 | K67: 13 | L67: ML | M67: Offen
A68: ST-067 | B68: E08 | C68: Referenz-Messaufbau | D68: Als ML-Ingenieur will ich zeitsynchrone Referenzdaten von linearen Wegaufnehmern. | E68: Messaufbau an Gabel und Dämpfer; Synchronisation mit dem Smartphone unter 10 ms; Datensatz reproduzierbar abgelegt. | F68: P0 | G68: MVP v1.0 | H68: 7.5 | I68: E08 | K68: 8 | L68: ML | M68: Offen
A69: ST-068 | B69: E09 | C69: Ride starten und beenden | D69: Als Nutzer will ich eine Fahrt sicher starten und beenden. | E69: Startbutton mind. 72 dp im unteren Drittel; Beenden erfordert zwei Interaktionen; Aufzeichnungszustand ohne Lesen erkennbar plus dauerhafte Benachrichtigung. | F69: P0 | G69: MVP v1.0 | H69: 4.7.3 | I69: E07 | K69: 8 | L69: Mobile | M69: Offen
A70: ST-069 | B70: E09 | C70: Hintergrundaufzeichnung | D70: Als Nutzer will ich, dass die Aufzeichnung weiterläuft, wenn das Display aus ist. | E70: Foreground Service bzw. Hintergrundstandort; Datenverlust bei Prozess-Kill höchstens 60 s; Chaos-Test bestanden. | F70: P0 | G70: MVP v1.0 | H70: NFR-11 | I70: E09 | K70: 13 | L70: Mobile | M70: Offen
A71: ST-070 | B71: E09 | C71: Halterungs-Check vor dem Start | D71: Als Nutzer will ich vor der Fahrt wissen, ob die Fahrwerksanalyse aktiv sein wird. | E71: Abfrage der Montage; bei fehlender Kalibrierung Angebot mit Zeitangabe; Zustand vor dem Start eindeutig sichtbar. | F71: P0 | G71: MVP v1.0 | H71: Flow B | I71: E07 | K71: 5 | L71: Mobile | M71: Offen
A72: ST-071 | B72: E09 | C72: Drei Live-Ebenen | D72: Als Nutzer will ich zwischen Karte, Daten und Fahrwerk wechseln. | E72: Drei wischbare Ebenen; im Handschuh-Modus zusätzlich über große Buttons; Wechsel ohne Ruckeln. | F72: P0 | G72: MVP v1.0 | H72: 4.7.3 | I72: E10 | K72: 8 | L72: Mobile | M72: Offen
A73: ST-072 | B73: E09 | C73: Konfigurierbare Datenkacheln | D73: Als Nutzer will ich selbst wählen, welche Werte ich sehe. | E73: 2×3 Kacheln frei belegbar; Tabellenziffern; Werte springen in der Breite nicht. | F73: P0 | G73: MVP v1.0 | H73: 4.7.3 | I73: E09 | K73: 5 | L73: Mobile | M73: Offen
A74: ST-073 | B74: E09 | C74: Automatische Pause | D74: Als Nutzer will ich, dass Standzeiten nicht als Fahrzeit zählen. | E74: Pause unter 2 km/h für über 30 s; Schwelle konfigurierbar; Fortsetzung automatisch. | F74: P0 | G74: MVP v1.0 | H74: Flow B | I74: E09 | K74: 3 | L74: Mobile | M74: Offen
A75: ST-074 | B75: E09 | C75: Live-Hinweise begrenzen | D75: Als Nutzer will ich während der Fahrt nicht zum Ablesen verleitet werden. | E75: Nur kurze Sprachhinweise bis 6 Wörter; ausführliche Hinweise erst im Stand oder nach der Fahrt; keine Netzabhängigkeit im Ride-Screen. | F75: P0 | G75: MVP v1.0 | H75: F-SEN-005 | I75: E09 | K75: 5 | L75: Mobile | M75: Offen
A76: ST-075 | B76: E09 | C76: Post-Ride-Verarbeitung auf dem Gerät | D76: Als Nutzer will ich meine Auswertung sofort sehen. | E76: 2-h-Ride in unter 8 s verarbeitet; funktioniert ohne Netz. | F76: P0 | G76: MVP v1.0 | H76: NFR-06 | I76: E08 | K76: 8 | L76: Mobile | M76: Offen
A77: ST-076 | B77: E10 | C77: Sieben Routing-Profile | D77: Als Nutzer will ich Routen passend zu meiner Sportart. | E77: Sieben Profile mit eigener Kostenfunktion auf Basis vorhandener OSM-Attribute; identisches Ergebnis online und offline. | F77: P0 | G77: MVP v1.0 | H77: F-NAV-001 / 5.4 | I77: E01 | K77: 13 | L77: Backend | M77: Offen
A78: ST-077 | B78: E10 | C78: Kachel-Pipeline | D78: Als Betreiber will ich Vektorkacheln selbst erzeugen und ausliefern. | E78: OSM-PBF über Planetiler zu PMTiles; CDN-Auslieferung; monatliche Aktualisierung; Versionsstempel je Region. | F78: P0 | G78: MVP v1.0 | H78: 8.4 | I78: E01 | K78: 8 | L78: Backend | M78: Offen
A79: ST-078 | B79: E10 | C79: Kartendarstellung | D79: Als Nutzer will ich eine flüssige Karte mit unserem Design. | E79: MapLibre GL Native; eigener Stil aus den Design-Token; mind. 58 fps im Ride-Screen. | F79: P0 | G79: MVP v1.0 | H79: NFR-02 | I79: E10 | K79: 8 | L79: Mobile | M79: Offen
... A84: ST-083 | B84: E10 | C84: Anteil ungetaggter Wege ausweisen | D84: Als Nutzer will ich wissen, wie sicher die Wegbewertung ist. | E84: Fehlendes Tagging führt nicht zu optimistischer Bewertung; Routenzusammenfassung nennt den Anteil unsicherer Kilometer. | F84: P0 | G84: MVP v1.0 | H84: F-NAV-001 | I84: E10 | K84: 5 | L84: Backend | M84: Offen
A85: ST-084 | B85: E10 | C85: Regelebene Wegerecht | D85: Als Betreiber will ich regionale Befahrbarkeitsregeln abbilden. | E85: Versionierte Regelebene je Jurisdiktion; kein aktives Routing über gesperrte Wege; halbjährliche Rechtsprüfung terminiert. | F85: P0 | G85: MVP v1.0 | H85: F-NAV-001.1 | I85: E10 | J85: G-5 | K85: 8 | L85: Backend | M85: Offen
A86: ST-085 | B86: E10 | C86: Routenplaner | D86: Als Nutzer will ich Routen selbst planen. | E86: Wegpunkte, Rundkurs nach Zeit oder Distanz, Profilwechsel; Speichern; GPX-Import. | F86: P0 | G86: MVP v1.0 | H86: Flow E | I86: E10 | K86: 8 | L86: Mobile | M86: Offen
A87: ST-086 | B87: E10 | C87: Heatmaps | D87: Als Nutzer will ich beliebte Wege erkennen. | E87: Nur eigene aggregierte Daten; Anzeige erst ab 5 verschiedenen Nutzern; Fang auf OSM-Geometrie; keine Zeitstempel; Privatsphärenzonen ausgeschlossen. | F87: P2 | G87: Phase 2 | H87: F-NAV-005 | I87: E02 | K87: 13 | L87: Backend | M87: Offen
A88: ST-087 | B88: E10 | C88: Trail View | D88: Als Nutzer will ich sehen, wie ein Weg aussieht. | E88: Mapillary-Bilder mit Namensnennung plus eigene Fotos mit Geobezug und Blickrichtung; keine Einbettung lizenzrechtlich unzulässiger Dienste. | F88: P2 | G88: Phase 2 | H88: F-NAV-006 | I88: E10 | K88: 8 | L88: Mobile | M88: Offen
A89: ST-088 | B89: E11 | C89: Post-Ride-Zusammenfassung | D89: Als Nutzer will ich nach der Fahrt die Fakten sehen. | E89: Track, Distanz, Höhenmeter, Zeit, Bike und Setup-Fingerprint; erst Fakten, dann Beobachtungen, dann genau eine Handlung. | F89: P0 | G89: MVP v1.0 | H89: 4.7.4 | I89: E09 | K89: 8 | L89: Mobile | M89: Offen
A90: ST-089 | B90: E11 | C90: Fahrwerksauswertung anzeigen | D90: Als Nutzer will ich sehen, wie mein Fahrwerk gearbeitet hat. | E90: Indexverlauf über die Strecke, Impact-Histogramm, Aktivität je Abschnitt; jede Kachel mit Konfidenzangabe. | F90: P0 | G90: MVP v1.0 | H90: 4.7.4 | I90: E08 | J90: G-2 | K90: 8 | L90: Mobile | M90: Offen
A91: ST-090 | B91: E11 | C91: Segmentauswertung | D91: Als Nutzer will ich meine Abschnitte einzeln bewertet sehen. | E91: Erkannte Abschnitte mit Flow-Score und vier Teilwerten; Vergleich nur innerhalb derselben Terrainklasse. | F91: P0 | G91: MVP v1.0 | H91: DM-13 | I91: E08 | K91: 5 | L91: Mobile | M91: Offen
A92: ST-091 | B92: E11 | C92: Setup-Empfehlungs-Engine | D92: Als Nutzer will ich eine konkrete, begründete Empfehlung statt Allgemeinplätzen. | E92: Höchstens eine Empfehlung je Ride; mindestens zwei unabhängige Belege; niemals außerhalb der Herstellergrenzen; keine sicherheitsrelevanten Eingriffe; bei niedriger Konfidenz nur Beobachtung ohne Handlungsaufforderung. | F92: P0 | G92: MVP v1.0 | H92: 7.4 / F-AI-003 | I92: E05 | J92: G-2 | K92: 13 | L92: ML | M92: Offen
A93: ST-092 | B93: E11 | C93: Empfehlungskarte mit Beleg | D93: Als Nutzer will ich sehen, worauf eine Empfehlung beruht. | E93: Pflichtfelder Wert, Begründung, erwartete Wirkung, Grenzen, Konfidenz; Beleg-Sheet mit den auslösenden Datenpunkten. | F93: P0 | G93: MVP v1.0 | H93: F-AI-003 | I93: E11 | K93: 5 | L93: Mobile | M93: Offen
A94: ST-093 | B94: E11 | C94: Empfehlung annehmen oder ablehnen | D94: Als Nutzer will ich eine Empfehlung übernehmen, damit sie als neues Setup entsteht. | E94: Annahme erzeugt eine neue Setup-Version; Ablehnung mit Grund; Status fließt in die Nordstern-Metrik. | F94: P0 | G94: MVP v1.0 | H94: DM-17 | I94: E05 | K94: 5 | L94: Mobile | M94: Offen
A95: ST-094 | B95: E12 | C95: Motor und Akku manuell erfassen | D95: Als E-Bike-Fahrer will ich mein System eintragen, auch ohne Anbindung. | E95: Motor- und Akkumodell aus dem Katalog; Kapazität in Wh; funktioniert herstellerunabhängig. | F95: P0 | G95: MVP v1.0 | H95: F-EBK-001 | I95: E16 | K95: 3 | L95: Mobile | M95: Offen
A96: ST-095 | B96: E12 | C96: MotorSystemAdapter | D96: Als Architekt will ich die Herstelleranbindung hinter einer Schnittstelle kapseln. | E96: Schnittstelle ohne Schreiboperation; capabilities() steuert die UI; nicht gelieferte Felder werden ausgeblendet, nie mit Schätzwerten gefüllt. | F96: P0 | G96: MVP v1.0 | H96: 8.3 / F-EBK-000 | I96: E01 | K96: 8 | L96: Mobile | M96: Offen
A97: ST-096 | B97: E12 | C97: Bosch Live Data Interface anbinden | D97: Als Bosch-Fahrer will ich meine Livedaten in der App sehen. | E97: Nur lesend; Verbindungsstatus und Systemgeneration sichtbar; nicht unterstützte Generationen fallen sichtbar auf die manuelle Stufe zurück. | F97: P0 | G97: MVP v1.0 | H97: F-EBK-002 | I97: E12 | J97: G-1 | K97: 13 | L97: Mobile | M97: Offen
A98: ST-097 | B98: E12 | C98: Standard-Bluetooth-Sensorik | D98: Als Fahrer will ich Herzfrequenz, Trittfrequenz und Leistung koppeln. | E98: BLE-Profile für Geschwindigkeit/Trittfrequenz, Leistung und Herzfrequenz; herstellerunabhängig; Kopplung überlebt Neustart. | F98: P0 | G98: MVP v1.0 | H98: F-EBK-003 | I98: E12 | K98: 8 | L98: Mobile | M98: Offen
A99: ST-098 | B99: E12 | C99: Reichweitenprognose Basismodell | D99: Als E-Bike-Fahrer will ich wissen, ob mein Akku für die Route reicht. | E99: Physikmodell mit Masse, Rollwiderstand aus Reifen und Druck, Steigungsprofil und gesetzlicher Abregelgeschwindigkeit; Ausgabe als Spanne mit Konfidenzband, nie als einzelne Zahl. | F99: P0 | G99: MVP v1.0 | H99: F-EBK-004 | I99: E03 | K99: 13 | L99: ML | M99: Offen
A100: ST-099 | B100: E12 | C100: Reichweitenmodell selbst kalibrieren | D100: Als Vielfahrer will ich, dass die Prognose mit jeder Fahrt genauer wird. | E100: Nachkalibrierung von Rollwiderstand, Luftwiderstand und Fahrerleistung über abgeschlossene Rides; Prognosefehler sinkt messbar. | F100: P1 | G100: v1.1–v1.3 | H100: F-EBK-004 | I100: E12 | K100: 8 | L100: ML | M100: Offen
A101: ST-100 | B101: E12 | C101: Assist-Modus protokollieren | D101: Als E-Bike-Fahrer will ich sehen, in welchem Modus ich unterwegs war. | E101: Nur lesend; ohne Datenquelle Schätzung aus Leistungssignatur, zwingend als Schätzung gekennzeichnet, oder manuelle Angabe. Keine Steuerung. | F101: P2 | G101: Phase 2 | H101: F-EBK-005 | I101: E12 | J101: G-3 | K101: 5 | L101: Mobile | M101: Offen
A102: ST-101 | B102: E13 | C102: Discover-Suche und gespeicherte Routen | D102: Als Nutzer will ich Routen finden und wiederfinden. | E102: Filter nach Dauer, Höhenmetern, Schwierigkeit, Oberfläche, Rundkurs und Startpunkt; gespeicherte Routen offline verfügbar. | F102: P0 | G102: MVP v1.0 | H102: 4.7.5 | I102: E10 | K102: 8 | L102: Mobile | M102: Offen
A103: ST-102 | B103: E13 | C103: KI-Routenvorschläge | D103: Als Nutzer will ich Vorschläge, die zu meinem Bike und meinem Fahrstil passen. | E103: 3–5 Vorschläge; jeder nennt die drei stärksten Begründungsfaktoren; Bike-Wechsel ändert die Liste sofort sichtbar. | F103: P1 | G103: v1.1–v1.3 | H103: F-NAV-004 | I103: E15 | K103: 13 | L103: ML | M103: Offen
A104: ST-103 | B104: E13 | C104: Reichweitenabgleich im Routenvorschlag | D104: Als E-Bike-Fahrer will ich nur Vorschläge sehen, die ich auch schaffe. | E104: Prognosespanne gegen Routenanforderung; Warnung bei Unterdeckung. | F104: P1 | G104: v1.1–v1.3 | H104: F-EBK-004 | I104: E12 | K104: 5 | L104: Mobile | M104: Offen
A105: ST-104 | B105: E14 | C105: Produktkatalog mit Kompatibilitätsurteil | D105: Als Nutzer will ich nur Teile sehen, die zu meinem Bike passen. | E105: Jedes Produkt mit Urteil; unpassende ausgeblendet oder eindeutig markiert; „Daten unzureichend“ wird nie als passend beworben. | F105: P1 | G105: v1.1–v1.3 | H105: F-SHP-001 | I105: E04 | K105: 13 | L105: Backend | M105: Offen
A106: ST-105 | B106: E14 | C106: Affiliate-Weiterleitung | D106: Als Nutzer will ich das Teil beim Partnerhändler kaufen. | E106: Weiterleitung mit Partnerkennung; kein Zahlungsverkehr in der App; Provisionserfassung. | F106: P1 | G106: v1.1–v1.3 | H106: F-SHP-003 | I106: E14 | K106: 8 | L106: Backend | M106: Offen
A107: ST-106 | B107: E14 | C107: Anlassbezogene Produktempfehlungen | D107: Als Nutzer will ich Vorschläge nur dann, wenn es einen echten Grund gibt. | E107: Auslöser Verschleißgrenze, wiederkehrendes Setup-Problem oder Saisonwechsel; jede Empfehlung nennt den auslösenden Datenpunkt; keine anlasslosen Empfehlungen. | F107: P2 | G107: v1.1–v1.3 | H107: F-SHP-002 | I107: E06 | K107: 8 | L107: ML | M107: Offen
A108: ST-107 | B108: E14 | C108: Marktplatz mit Checkout | D108: Als Nutzer will ich direkt in der App kaufen. | E108: Stripe-Checkout; physische Waren nicht über In-App-Kauf; Widerrufsbelehrung, Impressum, Versandkosten und Lieferzeit vor Kaufabschluss; GPSR-Herstellerangaben je Produkt. | F108: P3 | G108: Phase 3 | H108: F-SHP-003 / 8.5 | I108: E14 | K108: 13 | L108: Backend | M108: Offen
A109: ST-108 | B109: E15 | C109: RecommendationSet als Vertrag | D109: Als Architekt will ich, dass alle Zahlen aus deterministischen Engines stammen. | E109: Strukturiertes Objekt mit Werten, Einheiten, Konfidenz und Quellen; Sprachmodell erzeugt niemals Werte. | F109: P0 | G109: MVP v1.0 | H109: F-AI-001 | I109: E11 | K109: 5 | L109: Backend | M109: Offen
A110: ST-109 | B110: E15 | C110: Numeric-Guard | D110: Als Produktverantwortlicher will ich verhindern, dass erfundene Zahlen beim Nutzer ankommen. | E110: Alle Zahlen mit Einheit werden extrahiert und gegen die Whitelist geprüft; nicht belegte Zahlen führen zum Verwerfen und zum deterministischen Ersatztext; Verwerfungsrate als überwachte Kennzahl unter 2 %. | F110: P0 | G110: MVP v1.0 | H110: 7.6 / F-AI-001 | I110: E15 | K110: 8 | L110: Backend | M110: Offen
A111: ST-110 | B111: E15 | C111: Deterministische Ersatztexte | D111: Als Nutzer will ich nie eine leere Ansicht sehen, wenn die Formulierung ausfällt. | E111: Für jede Empfehlungsart existiert ein Ersatztext; Ausfall des Anbieters bleibt für den Nutzer folgenlos. | F111: P0 | G111: MVP v1.0 | H111: 7.6 | I111: E15 | K111: 5 | L111: Backend | M111: Offen
A112: ST-111 | B112: E15 | C112: Datensparsamkeit gegenüber dem Anbieter | D112: Als Datenschutzbeauftragter will ich, dass keine Rohkoordinaten oder Klarnamen den Anbieter erreichen. | E112: Nur strukturierte Werte und aggregierter Kontext; automatisierter Test auf verbotene Felder in der Anfrage. | F112: P0 | G112: MVP v1.0 | H112: 7.6 | I112: E15 | K112: 5 | L112: Backend | M112: Offen
A113: ST-112 | B113: E15 | C113: Rider-Profil mit erklärten Merkmalen | D113: Als Nutzer will ich verstehen und korrigieren können, wofür die App mich hält. | E113: Jedes Merkmal als lesbare Aussage mit Datenbeleg und Korrekturmöglichkeit; Korrekturen im Änderungsprotokoll sichtbar. | F113: P1 | G113: v1.1–v1.3 | H113: F-AI-002 / 4.7.7 | I113: E11 | K113: 13 | L113: ML | M113: Offen
... A116: ST-115 | B116: E16 | C116: Redaktionswerkzeug | D116: Als Datenkurator will ich effizient erfassen und prüfen können. | E116: Massenimport, Dublettenprüfung, Vier-Augen-Freigabe, Abdeckungsauswertung je Kategorie. | F116: P0 | G116: MVP v1.0 | H116: 9.3 | I116: E16 | K116: 13 | L116: Backend | M116: Offen
A117: ST-116 | B117: E16 | C117: Katalogaufbau 10 Kernkategorien | D117: Als Produktverantwortlicher will ich zum Launch ausreichend Abdeckung. | E117: Mindestens 3.000 Komponentenmodelle mit vollständigen Schnittstellenmerkmalen in den zehn kaufhäufigsten Kategorien; Abdeckungsquote als Wochenkennzahl. | F117: P0 | G117: MVP v1.0 | H117: G-4 / R-04 | I117: E16 | J117: G-4 | K117: 13 | L117: Data | M117: Offen
A118: ST-117 | B118: E16 | C118: Regelwerk aufbauen | D118: Als Datenkurator will ich rund 150 geprüfte Kompatibilitätsregeln bereitstellen. | E118: Je Regel drei Testfälle; sicherheitskritische Regeln zweitgeprüft; Regelsatz versioniert. | F118: P0 | G118: MVP v1.0 | H118: 6.6 | I118: E04 | K118: 13 | L118: Data | M118: Offen
A119: ST-118 | B119: E16 | C119: OEM-Ausstattungslisten importieren | D119: Als Nutzer will ich mein Bike mit einem Klick vorbefüllt bekommen. | E119: Import maschinenlesbarer Ausstattungslisten; Rückfallebene: manuelle Erfassung der 200 meistverkauften Modelle. | F119: P0 | G119: MVP v1.0 | H119: A-09 / R-16 | I119: E16 | K119: 13 | L119: Data | M119: Offen
A120: ST-119 | B120: E16 | C120: Nutzerbeiträge mit Prüfung | D120: Als Nutzer will ich fehlende Daten beisteuern. | E120: Beiträge landen in einer Prüfschleife; erst nach Freigabe im Katalog; Beitragsquelle wird mitgeführt. | F120: P1 | G120: v1.1–v1.3 | H120: R-04 | I120: E16 | K120: 8 | L120: Backend | M120: Offen
A121: ST-120 | B121: E17 | C121: Design-Token umsetzen | D121: Als Entwickler will ich alle Farben, Schriften und Abstände als Token, damit nichts hartkodiert wird. | E121: Token für beide Themes; Lint verbietet Hex-Werte im Widget-Code. | F121: P0 | G121: MVP v1.0 | H121: 4.1–4.3 | K121: 5 | L121: Design | M121: Offen
A122: ST-121 | B122: E17 | C122: Kontrastprüfung in CI | D122: Als Designer will ich, dass Kontrastverstöße den Build brechen. | E122: Automatisierte Prüfung beider Themes; AA als Minimum, im Ride-Screen AAA-Ziel über 15 pt. | F122: P0 | G122: MVP v1.0 | H122: 4.1 / NFR-12 | I122: E17 | K122: 5 | L122: QA | M122: Offen
A123: ST-122 | B123: E17 | C123: Handschuh-Modus | D123: Als Fahrer mit Handschuhen will ich die App sicher bedienen. | E123: Touch-Ziele 64 dp, Abstände 16 dp, Wischgesten durch Buttons ersetzt; Long-Press nie als einzige Aktion. | F123: P0 | G123: MVP v1.0 | H123: 4.4 | I123: E17 | K123: 8 | L123: Mobile | M123: Offen
A124: ST-123 | B124: E17 | C124: Sunlight-Modus | D124: Als Fahrer in praller Sonne will ich die App lesen können. | E124: Helles Hochkontrast-Thema im Ride-Screen; automatische Aktivierung über Helligkeit, manueller Schalter; 400-ms-Überblendung; angepasster Akzentton. | F124: P0 | G124: MVP v1.0 | H124: 4.4 / 0.4.3 | I124: E17 | K124: 8 | L124: Mobile | M124: Offen
A125: ST-124 | B125: E17 | C125: Einhandbedienung sicherstellen | D125: Als Fahrer will ich alles mit einer Hand erreichen. | E125: Alle Ride-Bedienelemente im unteren Drittel; Daumenreichweite für beide Hände geprüft. | F125: P0 | G125: MVP v1.0 | H125: 4.4 | I125: E17 | K125: 3 | L125: Design | M125: Offen
A126: ST-125 | B126: E17 | C126: Schriftskalierung bis 200 % | D126: Als Nutzer mit eingeschränkter Sicht will ich große Schrift nutzen. | E126: Kein Layoutbruch bis 200 %; Snapshot-Tests je Kern-Screen. | F126: P0 | G126: MVP v1.0 | H126: NFR-13 | I126: E17 | K126: 5 | L126: Mobile | M126: Offen
A127: ST-126 | B127: E17 | C127: Screenreader-Bedienbarkeit | D127: Als Nutzer mit Screenreader will ich die Kern-Flows bedienen können. | E127: Alle Kern-Flows bedienbar; Urteile nie nur über Farbe, immer mit Textlabel. | F127: P0 | G127: MVP v1.0 | H127: NFR-12 | I127: E17 | K127: 8 | L127: Mobile | M127: Offen
A128: ST-127 | B128: E18 | C128: Onboarding unter 4 Minuten | D128: Als neuer Nutzer will ich schnell fahrbereit sein. | E128: Unmoderierter Test mit mind. 8 Personen; Median unter 4 min; Berechtigungs-Primer vor jedem Systemdialog. | F128: P0 | G128: MVP v1.0 | H128: Flow A | I128: E03 | K128: 8 | L128: Design | M128: Offen
...

Sheet Epics
A1: Auswertung je Epic
A2: Alle Werte sind Formeln auf das Blatt Backlog. Nur die gelbe Zelle ist eine Eingabe.
A3: Velocity (SP je Sprint) | B3: 90 | C3: Rückgerechnet aus Kapitel 9.3 (fünf Monate MVP-Bau = zehn Sprints). Konsistenzannahme, keine gemessene Velocity — im ersten Planning ersetzen.
A5: Epic | B5: Bezeichnung | C5: Stories | D5: SP gesamt | E5: SP MVP v1.0 | F5: SP v1.1–v1.3 | G5: SP Phase 2+ | H5: Offen | I5: Fertig
A6: E01 | B6: Fundament & Plattform | C6: =COUNTIFS(Backlog!$B$2:$B$136,$A6) -> 9 | D6: =SUMIFS(Backlog!$K$2:$K$136,Backlog!$B$2:$B$136,$A6) -> 50 | E6: =SUMIFS(Backlog!$K$2:$K$136,Backlog!$B$2:$B$136,$A6,Backlog!$G$2:$G$136,"MVP v1.0") -> 50 | F6: =SUMIFS(Backlog!$K$2:$K$136,Backlog!$B$2:$B$136,$A6,Backlog!$G$2:$G$136,"v1.1–v1.3") -> 0 | G6: =$D6-$E6-$F6 -> 0 | H6: =COUNTIFS(Backlog!$B$2:$B$136,$A6,Backlog!$M$2:$M$136,"Offen") -> 9 | I6: =COUNTIFS(Backlog!$B$2:$B$136,$A6,Backlog!$M$2:$M$136,"Fertig") -> 0
A7: E02 | B7: Konto, Datenschutz & Sync | C7: =COUNTIFS(Backlog!$B$2:$B$136,$A7) -> 9 | D7: =SUMIFS(Backlog!$K$2:$K$136,Backlog!$B$2:$B$136,$A7) -> 65 | E7: =SUMIFS(Backlog!$K$2:$K$136,Backlog!$B$2:$B$136,$A7,Backlog!$G$2:$G$136,"MVP v1.0") -> 65 | F7: =SUMIFS(Backlog!$K$2:$K$136,Backlog!$B$2:$B$136,$A7,Backlog!$G$2:$G$136,"v1.1–v1.3") -> 0 | G7: =$D7-$E7-$F7 -> 0 | H7: =COUNTIFS(Backlog!$B$2:$B$136,$A7,Backlog!$M$2:$M$136,"Offen") -> 9 | I7: =COUNTIFS(Backlog!$B$2:$B$136,$A7,Backlog!$M$2:$M$136,"Fertig") -> 0
A8: E03 | B8: Garage & Komponenten | C8: =COUNTIFS(Backlog!$B$2:$B$136,$A8) -> 9 | D8: =SUMIFS(Backlog!$K$2:$K$136,Backlog!$B$2:$B$136,$A8) -> 55 | E8: =SUMIFS(Backlog!$K$2:$K$136,Backlog!$B$2:$B$136,$A8,Backlog!$G$2:$G$136,"MVP v1.0") -> 47 | F8: =SUMIFS(Backlog!$K$2:$K$136,Backlog!$B$2:$B$136,$A8,Backlog!$G$2:$G$136,"v1.1–v1.3") -> 8 | G8: =$D8-$E8-$F8 -> 0 | H8: =COUNTIFS(Backlog!$B$2:$B$136,$A8,Backlog!$M$2:$M$136,"Offen") -> 9 | I8: =COUNTIFS(Backlog!$B$2:$B$136,$A8,Backlog!$M$2:$M$136,"Fertig") -> 0
A9: E04 | B9: Kompatibilitäts-Engine | C9: =COUNTIFS(Backlog!$B$2:$B$136,$A9) -> 8 | D9: =SUMIFS(Backlog!$K$2:$K$136,Backlog!$B$2:$B$136,$A9) -> 50 | E9: =SUMIFS(Backlog!$K$2:$K$136,Backlog!$B$2:$B$136,$A9,Backlog!$G$2:$G$136,"MVP v1.0") -> 50 | F9: =SUMIFS(Backlog!$K$2:$K$136,Backlog!$B$2:$B$136,$A9,Backlog!$G$2:$G$136,"v1.1–v1.3") -> 0 | G9: =$D9-$E9-$F9 -> 0 | H9: =COUNTIFS(Backlog!$B$2:$B$136,$A9,Backlog!$M$2:$M$136,"Offen") -> 8 | I9: =COUNTIFS(Backlog!$B$2:$B$136,$A9,Backlog!$M$2:$M$136,"Fertig") -> 0
A10: E05 | B10: Setup & Bracketing | C10: =COUNTIFS(Backlog!$B$2:$B$136,$A10) -> 12 | D10: =SUMIFS(Backlog!$K$2:$K$136,Backlog!$B$2:$B$136,$A10) -> 91 | E10: =SUMIFS(Backlog!$K$2:$K$136,Backlog!$B$2:$B$136,$A10,Backlog!$G$2:$G$136,"MVP v1.0") -> 86 | F10: =SUMIFS(Backlog!$K$2:$K$136,Backlog!$B$2:$B$136,$A10,Backlog!$G$2:$G$136,"v1.1–v1.3") -> 5 | G10: =$D10-$E10-$F10 -> 0 | H10: =COUNTIFS(Backlog!$B$2:$B$136,$A10,Backlog!$M$2:$M$136,"Offen") -> 12 | I10: =COUNTIFS(Backlog!$B$2:$B$136,$A10,Backlog!$M$2:$M$136,"Fertig") -> 0
A11: E06 | B11: Wartung | C11: =COUNTIFS(Backlog!$B$2:$B$136,$A11) -> 3 | D11: =SUMIFS(Backlog!$K$2:$K$136,Backlog!$B$2:$B$136,$A11) -> 21 | E11: =SUMIFS(Backlog!$K$2:$K$136,Backlog!$B$2:$B$136,$A11,Backlog!$G$2:$G$136,"MVP v1.0") -> 13 | F11: =SUMIFS(Backlog!$K$2:$K$136,Backlog!$B$2:$B$136,$A11,Backlog!$G$2:$G$136,"v1.1–v1.3") -> 8 | G11: =$D11-$E11-$F11 -> 0 | H11: =COUNTIFS(Backlog!$B$2:$B$136,$A11,Backlog!$M$2:$M$136,"Offen") -> 3 | I11: =COUNTIFS(Backlog!$B$2:$B$136,$A11,Backlog!$M$2:$M$136,"Fertig") -> 0
A12: E07 | B12: Sensorik & Kalibrierung | C12: =COUNTIFS(Backlog!$B$2:$B$136,$A12) -> 8 | D12: =SUMIFS(Backlog!$K$2:$K$136,Backlog!$B$2:$B$136,$A12) -> 66 | E12: =SUMIFS(Backlog!$K$2:$K$136,Backlog!$B$2:$B$136,$A12,Backlog!$G$2:$G$136,"MVP v1.0") -> 66 | F12: =SUMIFS(Backlog!$K$2:$K$136,Backlog!$B$2:$B$136,$A12,Backlog!$G$2:$G$136,"v1.1–v1.3") -> 0 | G12: =$D12-$E12-$F12 -> 0 | H12: =COUNTIFS(Backlog!$B$2:$B$136,$A12,Backlog!$M$2:$M$136,"Offen") -> 8 | I12: =COUNTIFS(Backlog!$B$2:$B$136,$A12,Backlog!$M$2:$M$136,"Fertig") -> 0
A13: E08 | B13: Fahrwerksanalyse (Gate G-2) | C13: =COUNTIFS(Backlog!$B$2:$B$136,$A13) -> 9 | D13: =SUMIFS(Backlog!$K$2:$K$136,Backlog!$B$2:$B$136,$A13) -> 82 | E13: =SUMIFS(Backlog!$K$2:$K$136,Backlog!$B$2:$B$136,$A13,Backlog!$G$2:$G$136,"MVP v1.0") -> 82 | F13: =SUMIFS(Backlog!$K$2:$K$136,Backlog!$B$2:$B$136,$A13,Backlog!$G$2:$G$136,"v1.1–v1.3") -> 0 | G13: =$D13-$E13-$F13 -> 0 | H13: =COUNTIFS(Backlog!$B$2:$B$136,$A13,Backlog!$M$2:$M$136,"Offen") -> 9 | I13: =COUNTIFS(Backlog!$B$2:$B$136,$A13,Backlog!$M$2:$M$136,"Fertig") -> 0
A14: E09 | B14: Ride-Erfassung & Ride-UI | C14: =COUNTIFS(Backlog!$B$2:$B$136,$A14) -> 8 | D14: =SUMIFS(Backlog!$K$2:$K$136,Backlog!$B$2:$B$136,$A14) -> 55 | E14: =SUMIFS(Backlog!$K$2:$K$136,Backlog!$B$2:$B$136,$A14,Backlog!$G$2:$G$136,"MVP v1.0") -> 55 | F14: =SUMIFS(Backlog!$K$2:$K$136,Backlog!$B$2:$B$136,$A14,Backlog!$G$2:$G$136,"v1.1–v1.3") -> 0 | G14: =$D14-$E14-$F14 -> 0 | H14: =COUNTIFS(Backlog!$B$2:$B$136,$A14,Backlog!$M$2:$M$136,"Offen") -> 8 | I14: =COUNTIFS(Backlog!$B$2:$B$136,$A14,Backlog!$M$2:$M$136,"Fertig") -> 0
A15: E10 | B15: Navigation & Offline | C15: =COUNTIFS(Backlog!$B$2:$B$136,$A15) -> 12 | D15: =SUMIFS(Backlog!$K$2:$K$136,Backlog!$B$2:$B$136,$A15) -> 118 | E15: =SUMIFS(Backlog!$K$2:$K$136,Backlog!$B$2:$B$136,$A15,Backlog!$G$2:$G$136,"MVP v1.0") -> 97 | F15: =SUMIFS(Backlog!$K$2:$K$136,Backlog!$B$2:$B$136,$A15,Backlog!$G$2:$G$136,"v1.1–v1.3") -> 0 | G15: =$D15-$E15-$F15 -> 21 | H15: =COUNTIFS(Backlog!$B$2:$B$136,$A15,Backlog!$M$2:$M$136,"Offen") -> 12 | I15: =COUNTIFS(Backlog!$B$2:$B$136,$A15,Backlog!$M$2:$M$136,"Fertig") -> 0
A16: E11 | B16: Post-Ride & Empfehlungen | C16: =COUNTIFS(Backlog!$B$2:$B$136,$A16) -> 6 | D16: =SUMIFS(Backlog!$K$2:$K$136,Backlog!$B$2:$B$136,$A16) -> 44 | E16: =SUMIFS(Backlog!$K$2:$K$136,Backlog!$B$2:$B$136,$A16,Backlog!$G$2:$G$136,"MVP v1.0") -> 44 | F16: =SUMIFS(Backlog!$K$2:$K$136,Backlog!$B$2:$B$136,$A16,Backlog!$G$2:$G$136,"v1.1–v1.3") -> 0 | G16: =$D16-$E16-$F16 -> 0 | H16: =COUNTIFS(Backlog!$B$2:$B$136,$A16,Backlog!$M$2:$M$136,"Offen") -> 6 | I16: =COUNTIFS(Backlog!$B$2:$B$136,$A16,Backlog!$M$2:$M$136,"Fertig") -> 0
A17: E12 | B17: E-Bike-Integration | C17: =COUNTIFS(Backlog!$B$2:$B$136,$A17) -> 7 | D17: =SUMIFS(Backlog!$K$2:$K$136,Backlog!$B$2:$B$136,$A17) -> 58 | E17: =SUMIFS(Backlog!$K$2:$K$136,Backlog!$B$2:$B$136,$A17,Backlog!$G$2:$G$136,"MVP v1.0") -> 45 | F17: =SUMIFS(Backlog!$K$2:$K$136,Backlog!$B$2:$B$136,$A17,Backlog!$G$2:$G$136,"v1.1–v1.3") -> 8 | G17: =$D17-$E17-$F17 -> 5 | H17: =COUNTIFS(Backlog!$B$2:$B$136,$A17,Backlog!$M$2:$M$136,"Offen") -> 7 | I17: =COUNTIFS(Backlog!$B$2:$B$136,$A17,Backlog!$M$2:$M$136,"Fertig") -> 0
... A23: E18 | B23: Qualität, Release & Compliance | C23: =COUNTIFS(Backlog!$B$2:$B$136,$A23) -> 9 | D23: =SUMIFS(Backlog!$K$2:$K$136,Backlog!$B$2:$B$136,$A23) -> 55 | E23: =SUMIFS(Backlog!$K$2:$K$136,Backlog!$B$2:$B$136,$A23,Backlog!$G$2:$G$136,"MVP v1.0") -> 55 | F23: =SUMIFS(Backlog!$K$2:$K$136,Backlog!$B$2:$B$136,$A23,Backlog!$G$2:$G$136,"v1.1–v1.3") -> 0 | G23: =$D23-$E23-$F23 -> 0 | H23: =COUNTIFS(Backlog!$B$2:$B$136,$A23,Backlog!$M$2:$M$136,"Offen") -> 9 | I23: =COUNTIFS(Backlog!$B$2:$B$136,$A23,Backlog!$M$2:$M$136,"Fertig") -> 0
B24: Summe | C24: =SUM(C6:C23) -> 135 | D24: =SUM(D6:D23) -> 1037 | E24: =SUM(E6:E23) -> 888 | F24: =SUM(F6:F23) -> 97 | G24: =SUM(G6:G23) -> 52 | H24: =SUM(H6:H23) -> 135 | I24: =SUM(I6:I23) -> 0
A26: Hochrechnung
A27: Stories gesamt | B27: =C24 -> 135
A28: Story Points gesamt | B28: =D24 -> 1037
A29: Story Points MVP v1.0 | B29: =E24 -> 888
A30: Sprints für den MVP (bei Velocity oben) | B30: =IFERROR(ROUNDUP(E24/$B$3,0),"—") -> 10
A31: entspricht Monaten (2-Wochen-Sprints) | B31: =IFERROR(ROUND(ROUNDUP(E24/$B$3,0)*0.5,1),"—") -> 5
A32: Plan laut Spezifikation Kap. 9.3 | B32: 5
A33: Anteil MVP an allen Punkten | B33: =IFERROR(E24/D24,"—") -> 0.8563163
A34: Punkte, die an Gate G-2 hängen | B34: =SUMIFS(Backlog!$K$2:$K$136,Backlog!$J$2:$J$136,"G-2") -> 55
A35: Punkte, die an Gate G-1 hängen | B35: =SUMIFS(Backlog!$K$2:$K$136,Backlog!$J$2:$J$136,"G-1") -> 13
A36: Punkte im Epic E16 (Katalog, kritischer Pfad) | B36: =SUMIFS(Backlog!$K$2:$K$136,Backlog!$B$2:$B$136,"E16") -> 68
A38: Die Zeile „entspricht Monaten“ muss zur Planzeile darunter passen. Tut sie das nach dem ersten Planning nicht, ist entweder die Schätzung oder der Termin falsch — nicht beides ignorieren. Die Hochrechnung enthält keine Puffer für Feldstudie, Beta, Store-Prüfung und Rechtsberatung — diese laufen parallel und sind in Kapitel 9.3 der Spezifikation terminiert.

Sheet Gates
A1: Entscheidungspunkte
A2: Stories mit Gate-Eintrag im Backlog starten erst nach positivem Ergebnis.
A4: Gate | B4: Gegenstand | C4: Bedingung | D4: Konsequenz bei Nichterfüllung | E4: Verantwortung | F4: Fällig | G4: Gebundene SP
A5: G-0 | B5: Team-Aufstellung | C5: Mobile-Technologie gegen reale Teamprofile bestätigt | D5: Architekturentscheidung aus Kapitel 5.1 neu bewerten | E5: Eng-Lead | F5: vor Sprint 1 | G5: =SUMIFS(Backlog!$K$2:$K$136,Backlog!$J$2:$J$136,$A5) -> 3
A6: G-1 | B6: Bosch Live Data Interface | C6: Zugang, Nutzungsbedingungen und Markenrichtlinien geklärt und erfüllbar | D6: E-Bike-Telemetrie entfällt, manuelle Stufe bleibt; Marketingaussagen anpassen | E6: PM | F6: vor Sprint 1 | G6: =SUMIFS(Backlog!$K$2:$K$136,Backlog!$J$2:$J$136,$A6) -> 13
A7: G-2 | B7: Fahrwerksvalidierung | C7: Sieben Messkriterien im Feld erfüllt (Kap. 7.5) | D7: Fahrwerksfunktionen gehen nicht live; Produktversprechen und Preismodell überarbeiten | E7: ML-Lead | F7: Monat 7 | G7: =SUMIFS(Backlog!$K$2:$K$136,Backlog!$J$2:$J$136,$A7) -> 55
A8: G-3 | B8: Shimano-Lizenz | C8: Vertrag unterzeichnet | D8: Direktanbindung ersatzlos gestrichen; Planung läuft ohnehin ohne | E8: PM | F8: Monat 6 | G8: =SUMIFS(Backlog!$K$2:$K$136,Backlog!$J$2:$J$136,$A8) -> 5
A9: G-4 | B9: Katalogabdeckung | C9: Mind. 3.000 Komponentenmodelle in den zehn wichtigsten Kategorien | D9: Kompatibilitätsprüfung startet eingeschränkt und offen kommuniziert | E9: Data-Lead | F9: Monat 7 | G9: =SUMIFS(Backlog!$K$2:$K$136,Backlog!$J$2:$J$136,$A9) -> 21
A10: G-5 | B10: Wegerecht | C10: Rechtslage je Zielmarkt geprüft | D10: Markteinführung nur in geprüften Ländern | E10: Legal | F10: Monat 8 | G10: =SUMIFS(Backlog!$K$2:$K$136,Backlog!$J$2:$J$136,$A10) -> 8

Sheet Risiken
A1: Risikoregister
A2: Aus Kapitel 10 der Spezifikation. Bewertung als Wahrscheinlichkeit / Auswirkung.
A4: Nr. | B4: Risiko | C4: W | D4: A | E4: Gegenmaßnahme | F4: Verantwortung
A5: R-16 | B5: Nutzer pflegen ihre Garage nicht — das Fundament bleibt leer | C5: mittel | D5: sehr hoch | E5: Vorbefüllung aus OEM-Ausstattungslisten als Standardweg; jeder ausgefüllte Slot schaltet sofort Nutzen frei; Fortschrittsanzeige mit konkretem nächstem Schritt | F5: Design + PM
A6: R-04 | B6: Katalogdaten unvollständig — zu viele „Daten unzureichend“-Urteile | C6: hoch | D6: hoch | E6: Eigene Rolle ab Monat 1; Start mit den zehn kaufhäufigsten Kategorien; Nutzerbeiträge mit Prüfung; Abdeckungsquote als Wochenkennzahl | F6: Data-Lead
A7: R-07 | B7: Haftung für Setup-Empfehlungen im Schadensfall | C7: niedrig | D7: sehr hoch | E7: Nie außerhalb der Herstellergrenzen; keine Empfehlungen zu sicherheitsrelevanten Eingriffen; jede Empfehlung protokolliert; anwaltlich geprüfte Hinweistexte; Produkthaftpflicht | F7: Legal + PM
A8: R-03 | B8: Fahrwerksvalidierung G-2 scheitert | C8: mittel | D8: hoch | E8: Studie ab Monat 5 statt kurz vor Launch; Produkt trägt auch ohne; Preismodell mit Rückfallvariante | F8: ML-Lead
A9: R-11 | B9: Umfang wächst unkontrolliert | C9: hoch | D9: hoch | E9: Nordstern-Metrik als Entscheidungsgrundlage; Prioritätsstufe je Feature-ID; kein Feature ohne zugeordnete Kennzahl | F9: PM
A10: R-13 | B10: Datenschutzverstoß bei Standort- und Gesundheitsdaten | C10: niedrig | D10: sehr hoch | E10: DSFA vor Launch; granulare Einwilligungen; Privatsphärenzonen als Voreinstellung; Datensparsamkeit gegenüber dem Sprachmodell-Anbieter | F10: DSB
A11: R-14 | B11: GNSS-Ungenauigkeit im Wald verfälscht das Segment-Matching | C11: hoch | D11: mittel | E11: Abgleich über Geometrie, Barometerprofil und Sensorsignatur; match_quality je Segment; bei geringer Übereinstimmung keine Auswertung | F11: ML-Lead
A12: R-05 | B12: Akkuverbrauch inakzeptabel | C12: mittel | D12: hoch | E12: NFR ab Sprint 1 in CI messen; adaptive Abtastrate als Rückfallebene; Energiesparmodus im Ride-Screen | F12: Mobile-Lead
A13: R-01 | B13: Bosch-Zugang an nicht erfüllbare Bedingungen geknüpft | C13: mittel | D13: hoch | E13: Gate G-1 vor Sprint 1; manuelle Stufe und Standard-Bluetooth tragen den Nutzen; Marketing erst nach Klärung | F13: PM
A14: R-02 | B14: Shimano-Lizenz kommt nicht zustande | C14: hoch | D14: mittel | E14: Von Beginn an nicht eingeplant; Kommunikation ab Tag 1 ehrlich | F14: PM
A15: R-12 | B15: Sprachmodell erzeugt plausible, aber falsche Werte | C15: mittel | D15: hoch | E15: Numeric-Guard als harte Sperre; deterministischer Ersatztext; Verwerfungsrate als überwachte Kennzahl | F15: ML-Lead
... A20: R-06 | B20: Heatmaps ohne Nutzerbasis wertlos | C20: hoch | D20: niedrig | E20: Erst Phase 2; kein Zukauf mit ungeklärter Lizenz | F20: PM
